
-- Step 1: Remove old product mappings and order items referencing products
DELETE FROM marketplace_product_map;
DELETE FROM favorites;

-- Step 2: Remove old order_items product references (set to null)
UPDATE order_items SET product_id = NULL;

-- Step 3: Remove old products
DELETE FROM products;

-- Step 4: Remove old subcategories
DELETE FROM subcategories;

-- Step 5: Remove old categories
DELETE FROM categories;

-- Step 6: Insert cosmetics categories
INSERT INTO categories (id, name, slug, description, image_url) VALUES
  ('c1000000-0000-0000-0000-000000000001', 'Maquillaje', 'maquillaje', 'Labiales, bases, sombras, rímel y más', 'https://images.unsplash.com/photo-1596462502278-27bfdc403348?w=400'),
  ('c1000000-0000-0000-0000-000000000002', 'Cuidado Facial', 'cuidado-facial', 'Cremas, sérums, limpiadores y tratamientos faciales', 'https://images.unsplash.com/photo-1556228578-0d85b1a4d571?w=400'),
  ('c1000000-0000-0000-0000-000000000003', 'Cuidado Capilar', 'cuidado-capilar', 'Shampoo, acondicionador, tratamientos y mascarillas', 'https://images.unsplash.com/photo-1527799820374-dcf8d9d4a388?w=400'),
  ('c1000000-0000-0000-0000-000000000004', 'Perfumería', 'perfumeria', 'Perfumes y fragancias femeninas y masculinas', 'https://images.unsplash.com/photo-1541643600914-78b084683601?w=400'),
  ('c1000000-0000-0000-0000-000000000005', 'Cuidado Corporal', 'cuidado-corporal', 'Cremas corporales, jabones, lociones y exfoliantes', 'https://images.unsplash.com/photo-1608248543803-ba4f8c70ae0b?w=400'),
  ('c1000000-0000-0000-0000-000000000006', 'Uñas', 'unas', 'Esmaltes, tratamientos y accesorios para uñas', 'https://images.unsplash.com/photo-1604654894610-df63bc536371?w=400'),
  ('c1000000-0000-0000-0000-000000000007', 'Infantil', 'infantil', 'Productos de higiene y cuidado para bebés y niños', 'https://images.unsplash.com/photo-1515488042361-ee00e0ddd4e4?w=400'),
  ('c1000000-0000-0000-0000-000000000008', 'Masculino', 'masculino', 'Cuidado personal, afeitado y fragancias masculinas', 'https://images.unsplash.com/photo-1581683705068-ca8f49fc7f45?w=400');

-- Step 7: Insert subcategories
INSERT INTO subcategories (category_id, name, slug, description) VALUES
  ('c1000000-0000-0000-0000-000000000001', 'Labiales', 'labiales', 'Labiales, lip gloss y lip liner'),
  ('c1000000-0000-0000-0000-000000000001', 'Base y Correctores', 'base-correctores', 'Bases, correctores, primers y polvos'),
  ('c1000000-0000-0000-0000-000000000001', 'Ojos', 'ojos', 'Sombras, delineadores, rímel y cejas'),
  ('c1000000-0000-0000-0000-000000000001', 'Rostro', 'rostro', 'Rubor, bronzer, iluminador y contorno'),
  ('c1000000-0000-0000-0000-000000000002', 'Limpieza Facial', 'limpieza-facial', 'Limpiadores, tónicos y agua micelar'),
  ('c1000000-0000-0000-0000-000000000002', 'Hidratación', 'hidratacion', 'Cremas hidratantes y humectantes'),
  ('c1000000-0000-0000-0000-000000000002', 'Anti-edad', 'anti-edad', 'Sérums, cremas y tratamientos anti-edad'),
  ('c1000000-0000-0000-0000-000000000002', 'Protección Solar', 'proteccion-solar', 'Protectores solares faciales'),
  ('c1000000-0000-0000-0000-000000000003', 'Shampoo', 'shampoo', 'Shampoos para todo tipo de cabello'),
  ('c1000000-0000-0000-0000-000000000003', 'Acondicionador', 'acondicionador', 'Acondicionadores y cremas de peinar'),
  ('c1000000-0000-0000-0000-000000000003', 'Tratamientos Capilares', 'tratamientos-capilares', 'Mascarillas, ampollas y aceites'),
  ('c1000000-0000-0000-0000-000000000004', 'Perfumes Femeninos', 'perfumes-femeninos', 'Fragancias y perfumes para mujer'),
  ('c1000000-0000-0000-0000-000000000004', 'Perfumes Masculinos', 'perfumes-masculinos', 'Fragancias y perfumes para hombre'),
  ('c1000000-0000-0000-0000-000000000005', 'Cremas Corporales', 'cremas-corporales', 'Hidratantes y nutritivas para el cuerpo'),
  ('c1000000-0000-0000-0000-000000000005', 'Jabones y Gel de Baño', 'jabones-gel', 'Jabones, gel de ducha y sales de baño'),
  ('c1000000-0000-0000-0000-000000000006', 'Esmaltes', 'esmaltes', 'Esmaltes de uñas en todos los colores'),
  ('c1000000-0000-0000-0000-000000000006', 'Tratamientos para Uñas', 'tratamientos-unas', 'Fortalecedores, bases y aceites'),
  ('c1000000-0000-0000-0000-000000000007', 'Higiene Infantil', 'higiene-infantil', 'Shampoo, jabón y cremas para bebés'),
  ('c1000000-0000-0000-0000-000000000008', 'Afeitado', 'afeitado', 'Cremas, gel y after shave'),
  ('c1000000-0000-0000-0000-000000000008', 'Cuidado Masculino', 'cuidado-masculino', 'Cremas, desodorantes y tratamientos');

-- Step 8: Insert 200 cosmetics products
-- MAQUILLAJE - Labiales (25 products)
INSERT INTO products (name, slug, price, wholesale_price, min_wholesale_qty, description, category_id, is_active, is_featured, stock, sizes, colors, images) VALUES
('Maybelline SuperStay Matte Ink', 'maybelline-superstay-matte-ink', 89000, 65000, 6, 'Labial líquido de larga duración hasta 16 horas. Acabado mate intenso.', 'c1000000-0000-0000-0000-000000000001', true, true, 150, ARRAY['Único'], ARRAY['Rojo:dc143c', 'Nude:d2a67d', 'Rosa:e75480', 'Vino:722f37'], ARRAY['https://images.unsplash.com/photo-1586495777744-4413f21062fa?w=400']),
('MAC Retro Matte Lipstick Ruby Woo', 'mac-retro-matte-ruby-woo', 185000, 145000, 3, 'El icónico labial rojo mate de MAC. Fórmula cremosa de larga duración.', 'c1000000-0000-0000-0000-000000000001', true, true, 80, ARRAY['Único'], ARRAY['Rojo Ruby Woo:c40233'], ARRAY['https://images.unsplash.com/photo-1631214500115-598fc2cb8ada?w=400']),
('NYX Lip Lingerie XXL', 'nyx-lip-lingerie-xxl', 75000, 55000, 6, 'Labial líquido mate con acabado aterciopelado. 16 horas de duración.', 'c1000000-0000-0000-0000-000000000001', true, false, 200, ARRAY['Único'], ARRAY['Nude:c8a27d', 'Marrón:8b4513', 'Rosa:db7093'], ARRAY['https://images.unsplash.com/photo-1583241800698-e8ab01830a07?w=400']),
('Revlon Super Lustrous Lipstick', 'revlon-super-lustrous', 65000, 48000, 6, 'Labial cremoso con vitamina E y aguacate. Hidrata y da color intenso.', 'c1000000-0000-0000-0000-000000000001', true, false, 180, ARRAY['Único'], ARRAY['Coral:ff7f50', 'Rojo:dc143c', 'Rosa:ff69b4', 'Nude:deb887'], ARRAY['https://images.unsplash.com/photo-1596462502278-27bfdc403348?w=400']),
('L''Oréal Color Riche Satin', 'loreal-color-riche-satin', 95000, 72000, 6, 'Labial satinado con pigmentos puros. Hidratación con manteca de karité.', 'c1000000-0000-0000-0000-000000000001', true, true, 120, ARRAY['Único'], ARRAY['Rojo:b22222', 'Rosa:c71585', 'Nude:d2b48c'], ARRAY['https://images.unsplash.com/photo-1586495777744-4413f21062fa?w=400']),

-- MAQUILLAJE - Base y ojos (15 products)
('Maybelline Fit Me Matte Foundation', 'maybelline-fit-me-matte', 115000, 85000, 6, 'Base líquida matificante. Cobertura natural. Sin poros visibles.', 'c1000000-0000-0000-0000-000000000001', true, true, 200, ARRAY['110', '120', '130', '220', '230', '310', '320'], ARRAY['Light:f5deb3', 'Medium:d2a67d', 'Tan:c19a6b', 'Deep:8b6e4e'], ARRAY['https://images.unsplash.com/photo-1631214524020-7e18db9a8f92?w=400']),
('MAC Studio Fix Fluid SPF15', 'mac-studio-fix-fluid', 245000, 195000, 3, 'Base fluida de cobertura media a alta con SPF 15. Acabado mate natural.', 'c1000000-0000-0000-0000-000000000001', true, false, 60, ARRAY['NC15', 'NC20', 'NC25', 'NC30', 'NC35', 'NC40', 'NC42'], ARRAY['Light:f5deb3', 'Medium:d2a67d', 'Tan:c19a6b'], ARRAY['https://images.unsplash.com/photo-1557205465-f3762edea6d3?w=400']),
('Maybelline Lash Sensational Rímel', 'maybelline-lash-sensational', 79000, 58000, 6, 'Rímel con cepillo en abanico de 10 capas. Pestañas más largas y voluminosas.', 'c1000000-0000-0000-0000-000000000001', true, true, 250, ARRAY['Único'], ARRAY['Negro:000000', 'Negro Intenso:0a0a0a'], ARRAY['https://images.unsplash.com/photo-1512496015851-a90fb38ba796?w=400']),
('NYX Ultimate Shadow Palette', 'nyx-ultimate-shadow-palette', 145000, 110000, 3, 'Paleta de 16 sombras con acabados mate, satinado y metálico.', 'c1000000-0000-0000-0000-000000000001', true, false, 90, ARRAY['Único'], ARRAY['Warm Neutrals:deb887', 'Cool Neutrals:a9a9a9', 'Brights:ff6347'], ARRAY['https://images.unsplash.com/photo-1583241800698-e8ab01830a07?w=400']),
('L''Oréal Infallible 24H Foundation', 'loreal-infallible-24h', 135000, 100000, 6, 'Base de larga duración 24 horas. Cobertura total. Resistente al agua.', 'c1000000-0000-0000-0000-000000000001', true, false, 140, ARRAY['100', '120', '130', '200', '220', '300', '310'], ARRAY['Fair:faebd7', 'Light:f5deb3', 'Medium:d2b48c', 'Deep:8b6e4e'], ARRAY['https://images.unsplash.com/photo-1631214524020-7e18db9a8f92?w=400']),
('Revlon ColorStay Eyeliner', 'revlon-colorstay-eyeliner', 55000, 40000, 12, 'Delineador de ojos de larga duración. Punta precisa. Resistente al agua.', 'c1000000-0000-0000-0000-000000000001', true, false, 300, ARRAY['Único'], ARRAY['Negro:000000', 'Marrón:3e2723'], ARRAY['https://images.unsplash.com/photo-1512496015851-a90fb38ba796?w=400']),
('Maybelline Instant Age Rewind Concealer', 'maybelline-instant-age-rewind', 85000, 62000, 6, 'Corrector anti-edad con goji berry y haloxyl. Borra ojeras al instante.', 'c1000000-0000-0000-0000-000000000001', true, true, 180, ARRAY['Fair', 'Light', 'Medium', 'Tan'], ARRAY['Fair:faebd7', 'Light:f5deb3', 'Medium:d2b48c'], ARRAY['https://images.unsplash.com/photo-1557205465-f3762edea6d3?w=400']),
('NYX Professional Makeup Setting Spray', 'nyx-setting-spray', 69000, 50000, 6, 'Spray fijador de maquillaje. Acabado mate o luminoso. Larga duración.', 'c1000000-0000-0000-0000-000000000001', true, false, 160, ARRAY['Matte', 'Dewy'], ARRAY['Transparente:ffffff'], ARRAY['https://images.unsplash.com/photo-1596462502278-27bfdc403348?w=400']),
('L''Oréal Telescopic Rímel', 'loreal-telescopic-rimel', 95000, 70000, 6, 'Rímel alargador con cepillo de precisión. Separa y define cada pestaña.', 'c1000000-0000-0000-0000-000000000001', true, false, 130, ARRAY['Único'], ARRAY['Negro:000000'], ARRAY['https://images.unsplash.com/photo-1512496015851-a90fb38ba796?w=400']),
('MAC Mineralize Skinfinish Highlighter', 'mac-mineralize-skinfinish', 215000, 170000, 3, 'Iluminador en polvo con acabado luminoso y natural. Textura sedosa.', 'c1000000-0000-0000-0000-000000000001', true, false, 50, ARRAY['Único'], ARRAY['Soft & Gentle:ffd700', 'Lightscapade:fff0e0'], ARRAY['https://images.unsplash.com/photo-1583241800698-e8ab01830a07?w=400']),
('Revlon PhotoReady Candid Foundation', 'revlon-photoready-candid', 99000, 75000, 6, 'Base natural con ácido hialurónico y vitamina E. Cobertura media.', 'c1000000-0000-0000-0000-000000000001', true, false, 110, ARRAY['150', '200', '250', '300', '350', '400'], ARRAY['Light:f5deb3', 'Medium:d2b48c', 'Tan:c19a6b'], ARRAY['https://images.unsplash.com/photo-1631214524020-7e18db9a8f92?w=400']),
('Maybelline The Falsies Lash Lift Rímel', 'maybelline-falsies-lash-lift', 89000, 65000, 6, 'Rímel efecto pestañas postizas con fibras de doble gancho.', 'c1000000-0000-0000-0000-000000000001', true, false, 200, ARRAY['Único'], ARRAY['Negro:000000', 'Waterproof Negro:0a0a0a'], ARRAY['https://images.unsplash.com/photo-1512496015851-a90fb38ba796?w=400']),
('NYX Butter Gloss', 'nyx-butter-gloss', 49000, 35000, 12, 'Lip gloss no pegajoso con acabado brillante. Aroma a crème brûlée.', 'c1000000-0000-0000-0000-000000000001', true, false, 300, ARRAY['Único'], ARRAY['Angel Food Cake:f5c4c4', 'Crème Brûlée:d2a67d', 'Tiramisu:8b6e4e', 'Madeline:ff69b4'], ARRAY['https://images.unsplash.com/photo-1586495777744-4413f21062fa?w=400']),
('e.l.f. Poreless Putty Primer', 'elf-poreless-putty-primer', 59000, 42000, 6, 'Primer rellenador de poros con ácido hialurónico. Base perfecta para el maquillaje.', 'c1000000-0000-0000-0000-000000000001', true, false, 180, ARRAY['Único'], ARRAY['Universal:f5f5dc'], ARRAY['https://images.unsplash.com/photo-1596462502278-27bfdc403348?w=400']),
('Milani Baked Blush', 'milani-baked-blush', 69000, 50000, 6, 'Rubor horneado italiano con acabado luminoso. Pigmentación intensa.', 'c1000000-0000-0000-0000-000000000001', true, false, 140, ARRAY['Único'], ARRAY['Luminoso:ff69b4', 'Berry Amore:c71585', 'Dolce Pink:ffb6c1'], ARRAY['https://images.unsplash.com/photo-1583241800698-e8ab01830a07?w=400']),

-- CUIDADO FACIAL (30 products)
('CeraVe Crema Hidratante Facial', 'cerave-crema-hidratante', 125000, 95000, 6, 'Crema hidratante con ceramidas y ácido hialurónico. Para piel normal a seca.', 'c1000000-0000-0000-0000-000000000002', true, true, 150, ARRAY['50ml', '177ml', '340ml'], ARRAY['Blanco:ffffff'], ARRAY['https://images.unsplash.com/photo-1556228578-0d85b1a4d571?w=400']),
('La Roche-Posay Effaclar Duo+', 'la-roche-posay-effaclar', 165000, 130000, 3, 'Tratamiento anti-imperfecciones con niacinamida. Para piel grasa.', 'c1000000-0000-0000-0000-000000000002', true, true, 100, ARRAY['40ml'], ARRAY['Blanco:ffffff'], ARRAY['https://images.unsplash.com/photo-1570194065650-d99fb4a38434?w=400']),
('Neutrogena Hydro Boost Gel Cream', 'neutrogena-hydro-boost', 115000, 85000, 6, 'Gel crema con ácido hialurónico. Hidratación intensa por 48 horas.', 'c1000000-0000-0000-0000-000000000002', true, false, 180, ARRAY['50ml'], ARRAY['Azul:87ceeb'], ARRAY['https://images.unsplash.com/photo-1556228578-0d85b1a4d571?w=400']),
('The Ordinary Niacinamide 10% + Zinc 1%', 'the-ordinary-niacinamide', 65000, 48000, 6, 'Sérum con niacinamida para controlar sebo y minimizar poros.', 'c1000000-0000-0000-0000-000000000002', true, true, 220, ARRAY['30ml', '60ml'], ARRAY['Transparente:ffffff'], ARRAY['https://images.unsplash.com/photo-1570194065650-d99fb4a38434?w=400']),
('Garnier Agua Micelar Todo en 1', 'garnier-agua-micelar', 55000, 40000, 12, 'Agua micelar desmaquillante para rostro, ojos y labios. Sin enjuague.', 'c1000000-0000-0000-0000-000000000002', true, false, 300, ARRAY['100ml', '400ml', '700ml'], ARRAY['Rosa:ff69b4'], ARRAY['https://images.unsplash.com/photo-1556228578-0d85b1a4d571?w=400']),
('Bioderma Sensibio H2O', 'bioderma-sensibio-h2o', 145000, 110000, 3, 'Agua micelar dermatológica para piel sensible. Limpia y calma.', 'c1000000-0000-0000-0000-000000000002', true, false, 90, ARRAY['100ml', '250ml', '500ml'], ARRAY['Rosa:ffc0cb'], ARRAY['https://images.unsplash.com/photo-1570194065650-d99fb4a38434?w=400']),
('Vichy Minéral 89 Sérum', 'vichy-mineral-89', 185000, 145000, 3, 'Sérum fortificante con ácido hialurónico y agua volcánica de Vichy.', 'c1000000-0000-0000-0000-000000000002', true, true, 70, ARRAY['30ml', '50ml'], ARRAY['Transparente:ffffff'], ARRAY['https://images.unsplash.com/photo-1570194065650-d99fb4a38434?w=400']),
('Nivea Crema Facial Nutritiva', 'nivea-crema-facial-nutritiva', 45000, 32000, 12, 'Crema facial nutritiva para piel seca. Con vitamina E y manteca de karité.', 'c1000000-0000-0000-0000-000000000002', true, false, 250, ARRAY['50ml', '100ml'], ARRAY['Azul:003da5'], ARRAY['https://images.unsplash.com/photo-1556228578-0d85b1a4d571?w=400']),
('L''Oréal Revitalift Ácido Hialurónico', 'loreal-revitalift-hialuronico', 135000, 100000, 6, 'Sérum rellenador con 1.5% de ácido hialurónico puro. Anti-arrugas.', 'c1000000-0000-0000-0000-000000000002', true, false, 110, ARRAY['30ml'], ARRAY['Transparente:ffffff'], ARRAY['https://images.unsplash.com/photo-1570194065650-d99fb4a38434?w=400']),
('Clinique Moisture Surge', 'clinique-moisture-surge', 225000, 180000, 3, 'Gel crema hidratante 72 horas. Con aloe bio-fermentado y ácido hialurónico.', 'c1000000-0000-0000-0000-000000000002', true, false, 50, ARRAY['30ml', '50ml', '75ml'], ARRAY['Rosa Claro:fff0f5'], ARRAY['https://images.unsplash.com/photo-1556228578-0d85b1a4d571?w=400']),
('The Ordinary AHA 30% + BHA 2% Peeling', 'the-ordinary-aha-bha', 75000, 55000, 6, 'Solución exfoliante con ácidos alfa y beta hidroxi. Uso semanal.', 'c1000000-0000-0000-0000-000000000002', true, false, 160, ARRAY['30ml'], ARRAY['Rojo:dc143c'], ARRAY['https://images.unsplash.com/photo-1570194065650-d99fb4a38434?w=400']),
('Eucerin Hyaluron-Filler Crema de Día', 'eucerin-hyaluron-filler', 195000, 155000, 3, 'Crema anti-arrugas con ácido hialurónico concentrado y SPF 15.', 'c1000000-0000-0000-0000-000000000002', true, false, 80, ARRAY['50ml'], ARRAY['Blanco:ffffff'], ARRAY['https://images.unsplash.com/photo-1556228578-0d85b1a4d571?w=400']),
('La Roche-Posay Anthelios SPF 50+', 'la-roche-posay-anthelios', 155000, 120000, 6, 'Protector solar facial ultra ligero SPF 50+. Sin efecto blanco.', 'c1000000-0000-0000-0000-000000000002', true, true, 130, ARRAY['50ml'], ARRAY['Blanco:ffffff'], ARRAY['https://images.unsplash.com/photo-1556228578-0d85b1a4d571?w=400']),
('Isdin Fotoprotector Fusion Water SPF50', 'isdin-fusion-water', 175000, 135000, 3, 'Protector solar facial ultraligero de fase acuosa. Sensación invisible.', 'c1000000-0000-0000-0000-000000000002', true, false, 95, ARRAY['50ml'], ARRAY['Transparente:ffffff'], ARRAY['https://images.unsplash.com/photo-1556228578-0d85b1a4d571?w=400']),
('CeraVe Limpiador Espumoso', 'cerave-limpiador-espumoso', 85000, 62000, 6, 'Gel limpiador espumoso con ceramidas. Para piel normal a grasa.', 'c1000000-0000-0000-0000-000000000002', true, false, 190, ARRAY['88ml', '236ml', '473ml'], ARRAY['Verde:3d5c3d'], ARRAY['https://images.unsplash.com/photo-1570194065650-d99fb4a38434?w=400']),
('Cetaphil Loción Limpiadora Suave', 'cetaphil-locion-limpiadora', 75000, 55000, 6, 'Limpiador suave sin jabón. Para todo tipo de piel, incluso sensible.', 'c1000000-0000-0000-0000-000000000002', true, false, 170, ARRAY['118ml', '236ml', '473ml'], ARRAY['Blanco:ffffff'], ARRAY['https://images.unsplash.com/photo-1556228578-0d85b1a4d571?w=400']),
('Natura Chronos Renovador Celular', 'natura-chronos-renovador', 185000, 145000, 3, 'Tratamiento anti-edad con renovación celular progresiva. 30+, 45+, 60+.', 'c1000000-0000-0000-0000-000000000002', true, false, 60, ARRAY['30ml'], ARRAY['Dorado:ffd700'], ARRAY['https://images.unsplash.com/photo-1570194065650-d99fb4a38434?w=400']),
('O Boticário Nativa SPA Sérum Facial', 'boticario-nativa-spa-serum', 125000, 95000, 6, 'Sérum facial con quinoa para nutrición profunda y luminosidad.', 'c1000000-0000-0000-0000-000000000002', true, false, 100, ARRAY['30ml'], ARRAY['Dorado:daa520'], ARRAY['https://images.unsplash.com/photo-1570194065650-d99fb4a38434?w=400']),
('Simple Kind to Skin Cleansing Wipes', 'simple-cleansing-wipes', 35000, 25000, 12, 'Toallitas desmaquillantes con vitaminas B5 y E. Sin perfume.', 'c1000000-0000-0000-0000-000000000002', true, false, 400, ARRAY['25 unidades', '50 unidades'], ARRAY['Verde:90ee90'], ARRAY['https://images.unsplash.com/photo-1556228578-0d85b1a4d571?w=400']),
('RoC Retinol Correxion Sérum', 'roc-retinol-correxion', 165000, 130000, 3, 'Sérum anti-arrugas con retinol puro. Reduce líneas finas en 12 semanas.', 'c1000000-0000-0000-0000-000000000002', true, false, 70, ARRAY['30ml'], ARRAY['Azul:4169e1'], ARRAY['https://images.unsplash.com/photo-1570194065650-d99fb4a38434?w=400']),
('Avène Eau Thermale Spray', 'avene-eau-thermale', 85000, 62000, 6, 'Agua termal calmante y anti-irritante. Para piel sensible.', 'c1000000-0000-0000-0000-000000000002', true, false, 150, ARRAY['50ml', '150ml', '300ml'], ARRAY['Azul Claro:87ceeb'], ARRAY['https://images.unsplash.com/photo-1556228578-0d85b1a4d571?w=400']),
('Pond''s Crema Humectante', 'ponds-crema-humectante', 39000, 28000, 12, 'Crema humectante clásica con vitamina E. Hidratación diaria.', 'c1000000-0000-0000-0000-000000000002', true, false, 350, ARRAY['50g', '100g', '200g'], ARRAY['Azul:0000cd'], ARRAY['https://images.unsplash.com/photo-1556228578-0d85b1a4d571?w=400']),

-- CUIDADO CAPILAR (25 products)
('Pantene Pro-V Miracles Shampoo', 'pantene-prov-miracles', 55000, 40000, 12, 'Shampoo con biotina y bambú. Fortalece y previene quiebre.', 'c1000000-0000-0000-0000-000000000003', true, true, 200, ARRAY['200ml', '400ml', '750ml'], ARRAY['Dorado:daa520'], ARRAY['https://images.unsplash.com/photo-1527799820374-dcf8d9d4a388?w=400']),
('TRESemmé Keratin Smooth Shampoo', 'tresemme-keratin-smooth', 49000, 35000, 12, 'Shampoo con keratina y aceite de argán. Control anti-frizz.', 'c1000000-0000-0000-0000-000000000003', true, false, 250, ARRAY['200ml', '400ml', '750ml'], ARRAY['Negro:1a1a1a'], ARRAY['https://images.unsplash.com/photo-1527799820374-dcf8d9d4a388?w=400']),
('Dove Óleo Nutrición Shampoo', 'dove-oleo-nutricion-shampoo', 45000, 32000, 12, 'Shampoo nutritivo con aceite de almendras. Para cabello seco.', 'c1000000-0000-0000-0000-000000000003', true, false, 280, ARRAY['200ml', '400ml'], ARRAY['Dorado:daa520'], ARRAY['https://images.unsplash.com/photo-1527799820374-dcf8d9d4a388?w=400']),
('Elvive Extraordinary Oil Shampoo', 'elvive-extraordinary-oil', 59000, 42000, 12, 'Shampoo con 6 aceites de flores preciosas. Nutrición extraordinaria.', 'c1000000-0000-0000-0000-000000000003', true, true, 190, ARRAY['200ml', '370ml', '680ml'], ARRAY['Dorado:ffd700'], ARRAY['https://images.unsplash.com/photo-1527799820374-dcf8d9d4a388?w=400']),
('Moroccanoil Treatment Original', 'moroccanoil-treatment', 285000, 225000, 3, 'Aceite de argán para todo tipo de cabello. Brillo, suavidad y control.', 'c1000000-0000-0000-0000-000000000003', true, true, 60, ARRAY['25ml', '50ml', '100ml', '200ml'], ARRAY['Azul:006994'], ARRAY['https://images.unsplash.com/photo-1527799820374-dcf8d9d4a388?w=400']),
('Head & Shoulders Limpieza Renovadora', 'head-shoulders-limpieza', 42000, 30000, 12, 'Shampoo anticaspa con piritionato de zinc. Cuero cabelludo limpio.', 'c1000000-0000-0000-0000-000000000003', true, false, 300, ARRAY['180ml', '375ml', '650ml'], ARRAY['Azul:00539c'], ARRAY['https://images.unsplash.com/photo-1527799820374-dcf8d9d4a388?w=400']),
('Pantene Acondicionador 3 Minute Miracle', 'pantene-3-minute-miracle', 65000, 48000, 6, 'Acondicionador intensivo. 3 minutos para cabello 3x más fuerte.', 'c1000000-0000-0000-0000-000000000003', true, false, 170, ARRAY['170ml', '340ml'], ARRAY['Dorado:daa520'], ARRAY['https://images.unsplash.com/photo-1527799820374-dcf8d9d4a388?w=400']),
('Natura Lumina Shampoo Reparación', 'natura-lumina-reparacion', 75000, 55000, 6, 'Shampoo reparador con extracto de girasol. Cabello dañado.', 'c1000000-0000-0000-0000-000000000003', true, false, 130, ARRAY['300ml'], ARRAY['Amarillo:ffd700'], ARRAY['https://images.unsplash.com/photo-1527799820374-dcf8d9d4a388?w=400']),
('Kerastase Elixir Ultime Oil', 'kerastase-elixir-ultime', 345000, 275000, 3, 'Aceite sublime con camelia, argán, pracaxi y maíz. Brillo absoluto.', 'c1000000-0000-0000-0000-000000000003', true, false, 35, ARRAY['50ml', '100ml'], ARRAY['Dorado:ffd700'], ARRAY['https://images.unsplash.com/photo-1527799820374-dcf8d9d4a388?w=400']),
('TRESemmé Acondicionador Hidratación Profunda', 'tresemme-hidratacion-profunda', 49000, 35000, 12, 'Acondicionador con ácido hialurónico para hidratación intensa.', 'c1000000-0000-0000-0000-000000000003', true, false, 220, ARRAY['200ml', '400ml'], ARRAY['Azul:0a74da'], ARRAY['https://images.unsplash.com/photo-1527799820374-dcf8d9d4a388?w=400']),
('Garnier Fructis Crema para Peinar', 'garnier-fructis-crema-peinar', 39000, 28000, 12, 'Crema de peinar con aceite de argán. Define rizos sin acartonar.', 'c1000000-0000-0000-0000-000000000003', true, false, 260, ARRAY['250ml', '350ml'], ARRAY['Verde:32cd32'], ARRAY['https://images.unsplash.com/photo-1527799820374-dcf8d9d4a388?w=400']),
('Dove Acondicionador Reconstrucción Completa', 'dove-acondicionador-reconstruccion', 45000, 32000, 12, 'Acondicionador con keratina repair actives. Repara desde la primera aplicación.', 'c1000000-0000-0000-0000-000000000003', true, false, 240, ARRAY['200ml', '400ml'], ARRAY['Blanco:ffffff'], ARRAY['https://images.unsplash.com/photo-1527799820374-dcf8d9d4a388?w=400']),
('Schwarzkopf BC Bonacure Repair Rescue', 'schwarzkopf-bc-repair-rescue', 155000, 120000, 3, 'Mascarilla reparadora profesional con peptidos. Cabello extremadamente dañado.', 'c1000000-0000-0000-0000-000000000003', true, false, 75, ARRAY['200ml', '500ml'], ARRAY['Azul:4169e1'], ARRAY['https://images.unsplash.com/photo-1527799820374-dcf8d9d4a388?w=400']),
('Elvive Acondicionador Arcilla Purificante', 'elvive-arcilla-purificante', 55000, 40000, 12, 'Acondicionador con 3 arcillas minerales. Raíces puras, puntas hidratadas.', 'c1000000-0000-0000-0000-000000000003', true, false, 180, ARRAY['200ml', '370ml'], ARRAY['Verde:3d5c3d'], ARRAY['https://images.unsplash.com/photo-1527799820374-dcf8d9d4a388?w=400']),
('Wella Professionals Oil Reflections', 'wella-oil-reflections', 195000, 155000, 3, 'Aceite suavizante con aceite de camelia y nuez de macadamia. Brillo espectacular.', 'c1000000-0000-0000-0000-000000000003', true, false, 55, ARRAY['30ml', '100ml'], ARRAY['Dorado:daa520'], ARRAY['https://images.unsplash.com/photo-1527799820374-dcf8d9d4a388?w=400']),
('Lola Cosmetics Morte Súbita Shampoo', 'lola-morte-subita-shampoo', 85000, 62000, 6, 'Shampoo hidratante concentrado. Recuperación milagrosa para cabello seco.', 'c1000000-0000-0000-0000-000000000003', true, false, 120, ARRAY['250ml', '500ml'], ARRAY['Rosa:ff69b4'], ARRAY['https://images.unsplash.com/photo-1527799820374-dcf8d9d4a388?w=400']),
('Salon Line S.O.S Cachos Shampoo', 'salon-line-sos-cachos', 45000, 32000, 12, 'Shampoo para cabellos rizados. Define, hidrata y controla frizz.', 'c1000000-0000-0000-0000-000000000003', true, false, 200, ARRAY['300ml', '500ml'], ARRAY['Verde:00ff7f'], ARRAY['https://images.unsplash.com/photo-1527799820374-dcf8d9d4a388?w=400']),
('Redken All Soft Shampoo', 'redken-all-soft-shampoo', 165000, 130000, 3, 'Shampoo con aceite de argán. Para cabello seco y quebradizo.', 'c1000000-0000-0000-0000-000000000003', true, false, 80, ARRAY['300ml', '500ml', '1000ml'], ARRAY['Rojo:dc143c'], ARRAY['https://images.unsplash.com/photo-1527799820374-dcf8d9d4a388?w=400']),

-- PERFUMERÍA (25 products)
('Carolina Herrera Good Girl EDP', 'carolina-herrera-good-girl', 450000, 360000, 3, 'Eau de Parfum femenino. Notas de jazmín, cacao y tonka.', 'c1000000-0000-0000-0000-000000000004', true, true, 40, ARRAY['30ml', '50ml', '80ml'], ARRAY['Negro:1a1a1a'], ARRAY['https://images.unsplash.com/photo-1541643600914-78b084683601?w=400']),
('Jean Paul Gaultier Scandal EDP', 'jpg-scandal-edp', 395000, 315000, 3, 'Eau de Parfum femenino. Gardenia, miel y pachuli.', 'c1000000-0000-0000-0000-000000000004', true, true, 45, ARRAY['30ml', '50ml', '80ml'], ARRAY['Dorado:ffd700'], ARRAY['https://images.unsplash.com/photo-1541643600914-78b084683601?w=400']),
('Dior J''adore EDP', 'dior-jadore-edp', 550000, 440000, 3, 'Eau de Parfum icónico. Ylang-ylang, rosa de Damasco y jazmín.', 'c1000000-0000-0000-0000-000000000004', true, true, 30, ARRAY['30ml', '50ml', '100ml'], ARRAY['Dorado:ffd700'], ARRAY['https://images.unsplash.com/photo-1541643600914-78b084683601?w=400']),
('Hugo Boss Bottled EDP', 'hugo-boss-bottled-edp', 380000, 300000, 3, 'Eau de Parfum masculino. Manzana, canela y madera.', 'c1000000-0000-0000-0000-000000000004', true, true, 50, ARRAY['50ml', '100ml', '200ml'], ARRAY['Negro:1a1a1a'], ARRAY['https://images.unsplash.com/photo-1541643600914-78b084683601?w=400']),
('Natura Humor 1 EDT', 'natura-humor-1', 155000, 120000, 6, 'Eau de Toilette masculino. Fresco y energizante con notas cítricas.', 'c1000000-0000-0000-0000-000000000004', true, false, 90, ARRAY['75ml'], ARRAY['Verde:3d5c3d'], ARRAY['https://images.unsplash.com/photo-1541643600914-78b084683601?w=400']),
('O Boticário Lily EDP', 'boticario-lily-edp', 195000, 155000, 3, 'Eau de Parfum femenino. Floral elegante con rosa y jazmín.', 'c1000000-0000-0000-0000-000000000004', true, false, 70, ARRAY['75ml'], ARRAY['Rosa:ff69b4'], ARRAY['https://images.unsplash.com/photo-1541643600914-78b084683601?w=400']),
('Versace Eros EDT Masculino', 'versace-eros-edt', 420000, 335000, 3, 'Eau de Toilette masculino. Menta, manzana verde y tonka.', 'c1000000-0000-0000-0000-000000000004', true, false, 35, ARRAY['50ml', '100ml', '200ml'], ARRAY['Azul:003da5'], ARRAY['https://images.unsplash.com/photo-1541643600914-78b084683601?w=400']),
('Lancôme La Vie Est Belle EDP', 'lancome-la-vie-est-belle', 485000, 390000, 3, 'Eau de Parfum femenino. Iris, praline y vainilla.', 'c1000000-0000-0000-0000-000000000004', true, true, 25, ARRAY['30ml', '50ml', '75ml', '100ml'], ARRAY['Rosa:ff69b4'], ARRAY['https://images.unsplash.com/photo-1541643600914-78b084683601?w=400']),
('Calvin Klein CK One EDT', 'ck-one-edt', 195000, 155000, 6, 'Eau de Toilette unisex. Bergamota, cardamomo y sándalo.', 'c1000000-0000-0000-0000-000000000004', true, false, 100, ARRAY['50ml', '100ml', '200ml'], ARRAY['Transparente:ffffff'], ARRAY['https://images.unsplash.com/photo-1541643600914-78b084683601?w=400']),
('Paco Rabanne 1 Million EDT', 'paco-rabanne-1-million', 435000, 350000, 3, 'Eau de Toilette masculino. Pomelo, menta y madera de cedro.', 'c1000000-0000-0000-0000-000000000004', true, false, 40, ARRAY['50ml', '100ml', '200ml'], ARRAY['Dorado:ffd700'], ARRAY['https://images.unsplash.com/photo-1541643600914-78b084683601?w=400']),
('Avon Far Away EDP', 'avon-far-away-edp', 85000, 62000, 6, 'Eau de Parfum femenino. Vainilla, sándalo y ámbar.', 'c1000000-0000-0000-0000-000000000004', true, false, 120, ARRAY['50ml'], ARRAY['Lila:9370db'], ARRAY['https://images.unsplash.com/photo-1541643600914-78b084683601?w=400']),
('Antonio Banderas The Icon EDP', 'antonio-banderas-icon', 145000, 110000, 6, 'Eau de Parfum masculino. Cuero, whiskey y vainilla.', 'c1000000-0000-0000-0000-000000000004', true, false, 85, ARRAY['50ml', '100ml'], ARRAY['Negro:1a1a1a'], ARRAY['https://images.unsplash.com/photo-1541643600914-78b084683601?w=400']),
('Natura Ekos Frescor Açaí', 'natura-ekos-acai', 125000, 95000, 6, 'Deo Colônia con extracto de açaí amazónico. Fresco y vibrante.', 'c1000000-0000-0000-0000-000000000004', true, false, 75, ARRAY['75ml', '150ml'], ARRAY['Morado:800080'], ARRAY['https://images.unsplash.com/photo-1541643600914-78b084683601?w=400']),
('Chanel Coco Mademoiselle EDP', 'chanel-coco-mademoiselle', 650000, 520000, 3, 'Eau de Parfum femenino. Rosa, jazmín y naranja. Icónico.', 'c1000000-0000-0000-0000-000000000004', true, false, 15, ARRAY['35ml', '50ml', '100ml'], ARRAY['Negro:1a1a1a'], ARRAY['https://images.unsplash.com/photo-1541643600914-78b084683601?w=400']),
('Dolce & Gabbana Light Blue EDT', 'dg-light-blue-edt', 365000, 290000, 3, 'Eau de Toilette femenino. Manzana Granny Smith, cedro y jazmín.', 'c1000000-0000-0000-0000-000000000004', true, false, 45, ARRAY['25ml', '50ml', '100ml'], ARRAY['Azul Claro:87ceeb'], ARRAY['https://images.unsplash.com/photo-1541643600914-78b084683601?w=400']),
('Armani Acqua di Gio EDT', 'armani-acqua-di-gio', 395000, 315000, 3, 'Eau de Toilette masculino. Acuático fresco con notas marinas.', 'c1000000-0000-0000-0000-000000000004', true, false, 40, ARRAY['50ml', '100ml', '200ml'], ARRAY['Transparente:ffffff'], ARRAY['https://images.unsplash.com/photo-1541643600914-78b084683601?w=400']),
('O Boticário Malbec EDT', 'boticario-malbec-edt', 175000, 135000, 3, 'Eau de Toilette masculino. Notas de uva Malbec y madera.', 'c1000000-0000-0000-0000-000000000004', true, false, 65, ARRAY['100ml'], ARRAY['Rojo Vino:722f37'], ARRAY['https://images.unsplash.com/photo-1541643600914-78b084683601?w=400']),
('Montblanc Legend EDP', 'montblanc-legend-edp', 355000, 285000, 3, 'Eau de Parfum masculino. Bergamota, verbena y ládano.', 'c1000000-0000-0000-0000-000000000004', true, false, 50, ARRAY['50ml', '100ml'], ARRAY['Negro:1a1a1a'], ARRAY['https://images.unsplash.com/photo-1541643600914-78b084683601?w=400']),

-- CUIDADO CORPORAL (25 products)
('Nivea Body Crema Corporal Nutritiva', 'nivea-body-nutritiva', 45000, 32000, 12, 'Crema corporal con vitamina E y aceite de almendras. Piel seca.', 'c1000000-0000-0000-0000-000000000005', true, true, 250, ARRAY['250ml', '400ml'], ARRAY['Azul:003da5'], ARRAY['https://images.unsplash.com/photo-1608248543803-ba4f8c70ae0b?w=400']),
('Dove Jabón de Belleza Original', 'dove-jabon-belleza', 25000, 18000, 12, 'Jabón con 1/4 de crema humectante. No reseca la piel.', 'c1000000-0000-0000-0000-000000000005', true, false, 500, ARRAY['90g', '135g'], ARRAY['Blanco:ffffff'], ARRAY['https://images.unsplash.com/photo-1608248543803-ba4f8c70ae0b?w=400']),
('Victoria''s Secret Coconut Passion Lotion', 'vs-coconut-passion', 135000, 105000, 3, 'Loción corporal fragancia coco y vainilla. Hidratación perfumada.', 'c1000000-0000-0000-0000-000000000005', true, true, 80, ARRAY['236ml'], ARRAY['Rosa:ff69b4'], ARRAY['https://images.unsplash.com/photo-1608248543803-ba4f8c70ae0b?w=400']),
('Bath & Body Works A Thousand Wishes', 'bbw-thousand-wishes', 125000, 95000, 3, 'Crema corporal con extracto de aloe y manteca de karité.', 'c1000000-0000-0000-0000-000000000005', true, false, 90, ARRAY['226g'], ARRAY['Dorado:ffd700'], ARRAY['https://images.unsplash.com/photo-1608248543803-ba4f8c70ae0b?w=400']),
('Natura Tododia Crema Corporal Avena', 'natura-tododia-avena', 55000, 40000, 6, 'Crema corporal con avena y manteca de karité. Piel extra seca.', 'c1000000-0000-0000-0000-000000000005', true, false, 180, ARRAY['200ml', '400ml'], ARRAY['Bege:f5f5dc'], ARRAY['https://images.unsplash.com/photo-1608248543803-ba4f8c70ae0b?w=400']),
('Eucerin pH5 Loción Corporal', 'eucerin-ph5-locion', 115000, 85000, 6, 'Loción corporal ligera para piel sensible. Restablece el pH natural.', 'c1000000-0000-0000-0000-000000000005', true, false, 120, ARRAY['250ml', '400ml'], ARRAY['Blanco:ffffff'], ARRAY['https://images.unsplash.com/photo-1608248543803-ba4f8c70ae0b?w=400']),
('Lubriderm Loción Hidratante', 'lubriderm-locion-hidratante', 55000, 40000, 12, 'Loción hidratante de rápida absorción. Para uso diario.', 'c1000000-0000-0000-0000-000000000005', true, false, 200, ARRAY['200ml', '400ml', '750ml'], ARRAY['Rosa:ffb6c1'], ARRAY['https://images.unsplash.com/photo-1608248543803-ba4f8c70ae0b?w=400']),
('Dove Gel de Baño Nutritivo', 'dove-gel-bano-nutritivo', 42000, 30000, 12, 'Gel de baño con NutriumMoisture. Limpia sin resecar.', 'c1000000-0000-0000-0000-000000000005', true, false, 280, ARRAY['250ml', '500ml'], ARRAY['Blanco:ffffff'], ARRAY['https://images.unsplash.com/photo-1608248543803-ba4f8c70ae0b?w=400']),
('St. Ives Fresh Skin Exfoliante', 'st-ives-fresh-skin', 49000, 35000, 12, 'Exfoliante corporal con extracto de albaricoque. Piel suave al instante.', 'c1000000-0000-0000-0000-000000000005', true, false, 190, ARRAY['170g', '283g'], ARRAY['Naranja:ff8c00'], ARRAY['https://images.unsplash.com/photo-1608248543803-ba4f8c70ae0b?w=400']),
('The Body Shop Shea Butter Body Butter', 'body-shop-shea-butter', 145000, 110000, 3, 'Manteca corporal con karité de Ghana. Hidratación intensa 96 horas.', 'c1000000-0000-0000-0000-000000000005', true, false, 75, ARRAY['50ml', '200ml'], ARRAY['Bege:f5f5dc'], ARRAY['https://images.unsplash.com/photo-1608248543803-ba4f8c70ae0b?w=400']),
('Rexona Desodorante Mujer Cotton Dry', 'rexona-cotton-dry', 35000, 25000, 12, 'Desodorante antitranspirante 48h de protección. Aroma suave.', 'c1000000-0000-0000-0000-000000000005', true, false, 400, ARRAY['150ml', '200ml'], ARRAY['Rosa:ffb6c1'], ARRAY['https://images.unsplash.com/photo-1608248543803-ba4f8c70ae0b?w=400']),
('Dove Desodorante Invisible Dry', 'dove-desodorante-invisible', 39000, 28000, 12, 'Desodorante sin manchas blancas. 48h de protección.', 'c1000000-0000-0000-0000-000000000005', true, false, 350, ARRAY['150ml'], ARRAY['Azul:87ceeb'], ARRAY['https://images.unsplash.com/photo-1608248543803-ba4f8c70ae0b?w=400']),
('Palmolive Jabón Natural Secret Açaí', 'palmolive-natural-acai', 22000, 15000, 12, 'Jabón en barra con extracto de açaí y jojoba.', 'c1000000-0000-0000-0000-000000000005', true, false, 500, ARRAY['90g'], ARRAY['Morado:800080'], ARRAY['https://images.unsplash.com/photo-1608248543803-ba4f8c70ae0b?w=400']),
('O Boticário Nativa SPA Quinoa Body Splash', 'boticario-nativa-spa-splash', 95000, 72000, 6, 'Body splash perfumado con quinoa. Frescura y nutrición.', 'c1000000-0000-0000-0000-000000000005', true, false, 110, ARRAY['200ml'], ARRAY['Dorado:daa520'], ARRAY['https://images.unsplash.com/photo-1608248543803-ba4f8c70ae0b?w=400']),
('Vaseline Intensive Care Cocoa Radiant', 'vaseline-cocoa-radiant', 55000, 40000, 12, 'Loción corporal con manteca de cacao. Para piel seca y opaca.', 'c1000000-0000-0000-0000-000000000005', true, false, 200, ARRAY['200ml', '400ml', '725ml'], ARRAY['Marrón:8b4513'], ARRAY['https://images.unsplash.com/photo-1608248543803-ba4f8c70ae0b?w=400']),
('Lux Jabón Botanical Touch Rosa Mosqueta', 'lux-botanical-rosa-mosqueta', 19000, 13000, 12, 'Jabón con extracto de rosa mosqueta y aloe vera.', 'c1000000-0000-0000-0000-000000000005', true, false, 450, ARRAY['90g', '125g'], ARRAY['Rosa:ff69b4'], ARRAY['https://images.unsplash.com/photo-1608248543803-ba4f8c70ae0b?w=400']),

-- UÑAS (15 products)
('OPI Nail Lacquer Big Apple Red', 'opi-big-apple-red', 75000, 55000, 6, 'Esmalte de uñas icónico rojo intenso. Duración hasta 7 días.', 'c1000000-0000-0000-0000-000000000006', true, true, 120, ARRAY['15ml'], ARRAY['Rojo:dc143c'], ARRAY['https://images.unsplash.com/photo-1604654894610-df63bc536371?w=400']),
('Essie Nail Polish Ballet Slippers', 'essie-ballet-slippers', 69000, 50000, 6, 'Esmalte rosa claro clásico. Acabado sheer natural.', 'c1000000-0000-0000-0000-000000000006', true, true, 130, ARRAY['13.5ml'], ARRAY['Rosa:ffb6c1'], ARRAY['https://images.unsplash.com/photo-1604654894610-df63bc536371?w=400']),
('Sally Hansen Miracle Gel', 'sally-hansen-miracle-gel', 65000, 48000, 6, 'Esmalte gel sin lámpara UV. 14 días de duración.', 'c1000000-0000-0000-0000-000000000006', true, false, 150, ARRAY['14.7ml'], ARRAY['Nude:deb887', 'Rosa:ff69b4', 'Rojo:dc143c', 'Borgoña:722f37'], ARRAY['https://images.unsplash.com/photo-1604654894610-df63bc536371?w=400']),
('Revlon Ultra HD Snap Nail Polish', 'revlon-ultra-hd-snap', 49000, 35000, 12, 'Esmalte vegano con 20 ingredientes naturales. Secado rápido.', 'c1000000-0000-0000-0000-000000000006', true, false, 200, ARRAY['8ml'], ARRAY['Coral:ff7f50', 'Berry:8b008b', 'Nude:d2b48c', 'Negro:1a1a1a'], ARRAY['https://images.unsplash.com/photo-1604654894610-df63bc536371?w=400']),
('Maybelline Superstay 7 Days Gel Nail', 'maybelline-superstay-nail', 45000, 32000, 12, 'Esmalte de gel sin lámpara. 7 días de duración intensa.', 'c1000000-0000-0000-0000-000000000006', true, false, 220, ARRAY['10ml'], ARRAY['Rojo:dc143c', 'Rosa:ff69b4', 'Nude:deb887', 'Vino:722f37', 'Transparente:ffffff'], ARRAY['https://images.unsplash.com/photo-1604654894610-df63bc536371?w=400']),
('OPI Infinite Shine Top Coat', 'opi-infinite-shine-top', 85000, 62000, 6, 'Top coat de alto brillo con curado por luz. Sella y protege.', 'c1000000-0000-0000-0000-000000000006', true, false, 100, ARRAY['15ml'], ARRAY['Transparente:ffffff'], ARRAY['https://images.unsplash.com/photo-1604654894610-df63bc536371?w=400']),
('Essie Base Coat Here to Stay', 'essie-base-coat-here-to-stay', 65000, 48000, 6, 'Base protectora de larga duración. Extiende la vida del esmalte.', 'c1000000-0000-0000-0000-000000000006', true, false, 110, ARRAY['13.5ml'], ARRAY['Transparente:ffffff'], ARRAY['https://images.unsplash.com/photo-1604654894610-df63bc536371?w=400']),
('OPI Nail Envy Strengthener', 'opi-nail-envy', 95000, 72000, 6, 'Tratamiento fortalecedor con proteína de trigo y calcio.', 'c1000000-0000-0000-0000-000000000006', true, false, 80, ARRAY['15ml'], ARRAY['Transparente:ffffff'], ARRAY['https://images.unsplash.com/photo-1604654894610-df63bc536371?w=400']),
('Sally Hansen Hard as Nails', 'sally-hansen-hard-nails', 39000, 28000, 12, 'Fortalecedor de uñas con nylon y seda. Uñas duras como el acero.', 'c1000000-0000-0000-0000-000000000006', true, false, 180, ARRAY['13.3ml'], ARRAY['Transparente:ffffff', 'Natural:faebd7'], ARRAY['https://images.unsplash.com/photo-1604654894610-df63bc536371?w=400']),
('Risqué Esmalte Cremoso', 'risque-esmalte-cremoso', 15000, 10000, 12, 'Esmalte cremoso de larga duración. Gran variedad de colores.', 'c1000000-0000-0000-0000-000000000006', true, false, 500, ARRAY['8ml'], ARRAY['Rojo:dc143c', 'Rosa:ff69b4', 'Nude:deb887', 'Vino:722f37', 'Coral:ff7f50'], ARRAY['https://images.unsplash.com/photo-1604654894610-df63bc536371?w=400']),
('Colorama Esmalte Cremoso', 'colorama-esmalte-cremoso', 12000, 8000, 12, 'Esmalte con acabado cremoso y colores vibrantes. Cobertura uniforme.', 'c1000000-0000-0000-0000-000000000006', true, false, 600, ARRAY['8ml'], ARRAY['Vermelho:dc143c', 'Rosa Choque:ff1493', 'Nude:deb887', 'Preto:1a1a1a', 'Branco:ffffff'], ARRAY['https://images.unsplash.com/photo-1604654894610-df63bc536371?w=400']),
('Vult Óleo Secante de Esmalte', 'vult-oleo-secante', 25000, 18000, 12, 'Aceite secante que acelera el secado del esmalte en 60 segundos.', 'c1000000-0000-0000-0000-000000000006', true, false, 250, ARRAY['10ml'], ARRAY['Transparente:ffffff'], ARRAY['https://images.unsplash.com/photo-1604654894610-df63bc536371?w=400']),

-- INFANTIL (20 products)
('Johnson''s Baby Shampoo Original', 'johnsons-baby-shampoo', 35000, 25000, 12, 'Shampoo suave que no irrita los ojos. Fórmula no más lágrimas.', 'c1000000-0000-0000-0000-000000000007', true, true, 300, ARRAY['200ml', '400ml', '750ml'], ARRAY['Amarillo:ffd700'], ARRAY['https://images.unsplash.com/photo-1515488042361-ee00e0ddd4e4?w=400']),
('Johnson''s Baby Crema Protectora', 'johnsons-baby-crema', 42000, 30000, 12, 'Crema para prevenir rozaduras. Con óxido de zinc.', 'c1000000-0000-0000-0000-000000000007', true, false, 250, ARRAY['50g', '100g', '200g'], ARRAY['Rosa:ffb6c1'], ARRAY['https://images.unsplash.com/photo-1515488042361-ee00e0ddd4e4?w=400']),
('Huggies Toallitas Pure', 'huggies-toallitas-pure', 35000, 25000, 12, 'Toallitas húmedas con 99% agua pura. Sin fragancia.', 'c1000000-0000-0000-0000-000000000007', true, true, 400, ARRAY['48 unidades', '96 unidades'], ARRAY['Verde:90ee90'], ARRAY['https://images.unsplash.com/photo-1515488042361-ee00e0ddd4e4?w=400']),
('Mustela Hydra Bébé Crema Facial', 'mustela-hydra-bebe', 125000, 95000, 6, 'Crema facial hidratante para bebés. Con aguacate perseosa.', 'c1000000-0000-0000-0000-000000000007', true, false, 100, ARRAY['40ml'], ARRAY['Blanco:ffffff'], ARRAY['https://images.unsplash.com/photo-1515488042361-ee00e0ddd4e4?w=400']),
('Babyganics Protector Solar SPF50', 'babyganics-protector-solar', 115000, 85000, 6, 'Protector solar mineral SPF50 para bebés. Sin químicos nocivos.', 'c1000000-0000-0000-0000-000000000007', true, false, 90, ARRAY['59ml', '177ml'], ARRAY['Naranja:ff8c00'], ARRAY['https://images.unsplash.com/photo-1515488042361-ee00e0ddd4e4?w=400']),
('Johnson''s Baby Aceite', 'johnsons-baby-aceite', 35000, 25000, 12, 'Aceite mineral puro para humectar la piel del bebé.', 'c1000000-0000-0000-0000-000000000007', true, false, 280, ARRAY['200ml', '500ml'], ARRAY['Transparente:ffffff'], ARRAY['https://images.unsplash.com/photo-1515488042361-ee00e0ddd4e4?w=400']),
('Dove Baby Jabón Humectación Sensible', 'dove-baby-jabon', 29000, 20000, 12, 'Jabón suave para piel sensible de bebés. Sin colorantes.', 'c1000000-0000-0000-0000-000000000007', true, false, 350, ARRAY['75g'], ARRAY['Blanco:ffffff'], ARRAY['https://images.unsplash.com/photo-1515488042361-ee00e0ddd4e4?w=400']),
('Natura Mamãe e Bebê Shampoo', 'natura-mamae-bebe-shampoo', 55000, 40000, 6, 'Shampoo suave con extracto de maracuyá. Para cabello delicado.', 'c1000000-0000-0000-0000-000000000007', true, false, 150, ARRAY['200ml'], ARRAY['Rosa:ffb6c1'], ARRAY['https://images.unsplash.com/photo-1515488042361-ee00e0ddd4e4?w=400']),
('Bepanthen Crema Protectora', 'bepanthen-crema-protectora', 75000, 55000, 6, 'Crema con dexpantenol para proteger la piel del bebé en cada cambio de pañal.', 'c1000000-0000-0000-0000-000000000007', true, true, 130, ARRAY['30g', '100g'], ARRAY['Azul:87ceeb'], ARRAY['https://images.unsplash.com/photo-1515488042361-ee00e0ddd4e4?w=400']),
('Pampers Toallitas Aqua Pure', 'pampers-toallitas-aqua', 39000, 28000, 12, 'Toallitas con 99% agua pura y algodón orgánico.', 'c1000000-0000-0000-0000-000000000007', true, false, 350, ARRAY['48 unidades'], ARRAY['Azul Claro:87ceeb'], ARRAY['https://images.unsplash.com/photo-1515488042361-ee00e0ddd4e4?w=400']),
('Aveeno Baby Crema Hidratante Avena', 'aveeno-baby-crema-avena', 95000, 72000, 6, 'Crema hidratante diaria con avena coloidal natural. Piel sensible.', 'c1000000-0000-0000-0000-000000000007', true, false, 100, ARRAY['227g'], ARRAY['Verde:90ee90'], ARRAY['https://images.unsplash.com/photo-1515488042361-ee00e0ddd4e4?w=400']),
('Johnson''s Baby Colonia Hora de Dormir', 'johnsons-colonia-dormir', 39000, 28000, 12, 'Colonia suave con aroma relajante de lavanda. Para antes de dormir.', 'c1000000-0000-0000-0000-000000000007', true, false, 200, ARRAY['200ml'], ARRAY['Lila:9370db'], ARRAY['https://images.unsplash.com/photo-1515488042361-ee00e0ddd4e4?w=400']),
('Fisher-Price Gel de Baño Espumoso', 'fisher-price-gel-bano', 42000, 30000, 12, 'Gel de baño con espuma suave y divertida. Sin lágrimas.', 'c1000000-0000-0000-0000-000000000007', true, false, 180, ARRAY['250ml'], ARRAY['Azul:4169e1'], ARRAY['https://images.unsplash.com/photo-1515488042361-ee00e0ddd4e4?w=400']),
('Weleda Calendula Baby Crema Pañal', 'weleda-calendula-crema', 115000, 85000, 6, 'Crema protectora con caléndula orgánica. Para zona del pañal.', 'c1000000-0000-0000-0000-000000000007', true, false, 70, ARRAY['30ml', '75ml'], ARRAY['Naranja:ff8c00'], ARRAY['https://images.unsplash.com/photo-1515488042361-ee00e0ddd4e4?w=400']),
('Chicco Baby Moments Gel Baño', 'chicco-baby-moments-gel', 65000, 48000, 6, 'Gel de baño sin lágrimas con camomila y avena.', 'c1000000-0000-0000-0000-000000000007', true, false, 120, ARRAY['200ml', '500ml'], ARRAY['Verde Claro:90ee90'], ARRAY['https://images.unsplash.com/photo-1515488042361-ee00e0ddd4e4?w=400']),

-- MASCULINO (20 products)
('Nivea Men Crema Facial Sensitive', 'nivea-men-crema-sensitive', 55000, 40000, 12, 'Crema facial hidratante para piel sensible masculina. Sin alcohol.', 'c1000000-0000-0000-0000-000000000008', true, true, 180, ARRAY['75ml'], ARRAY['Azul:003da5'], ARRAY['https://images.unsplash.com/photo-1581683705068-ca8f49fc7f45?w=400']),
('Gillette Espuma de Afeitar Sensitive', 'gillette-espuma-sensitive', 45000, 32000, 12, 'Espuma de afeitar para piel sensible. Rico en aloe vera.', 'c1000000-0000-0000-0000-000000000008', true, true, 250, ARRAY['200ml', '312ml'], ARRAY['Azul:003da5'], ARRAY['https://images.unsplash.com/photo-1581683705068-ca8f49fc7f45?w=400']),
('L''Oréal Men Expert Hydra Energetic', 'loreal-men-hydra-energetic', 75000, 55000, 6, 'Crema anti-fatiga con vitamina C y guaraná. Energiza la piel.', 'c1000000-0000-0000-0000-000000000008', true, false, 130, ARRAY['50ml'], ARRAY['Negro:1a1a1a'], ARRAY['https://images.unsplash.com/photo-1581683705068-ca8f49fc7f45?w=400']),
('Old Spice Desodorante Antitranspirante', 'old-spice-desodorante', 39000, 28000, 12, 'Desodorante en barra 48h protección. Aroma Captain.', 'c1000000-0000-0000-0000-000000000008', true, false, 300, ARRAY['50g', '73g'], ARRAY['Rojo:dc143c'], ARRAY['https://images.unsplash.com/photo-1581683705068-ca8f49fc7f45?w=400']),
('Nivea Men Desodorante Deep Impact', 'nivea-men-deep-impact', 42000, 30000, 12, 'Desodorante antitranspirante con carbón activo. 48h protección.', 'c1000000-0000-0000-0000-000000000008', true, false, 280, ARRAY['150ml'], ARRAY['Negro:1a1a1a'], ARRAY['https://images.unsplash.com/photo-1581683705068-ca8f49fc7f45?w=400']),
('Nivea Men After Shave Sensitive', 'nivea-men-after-shave', 49000, 35000, 12, 'Bálsamo after shave para piel sensible. Alivia irritación.', 'c1000000-0000-0000-0000-000000000008', true, false, 160, ARRAY['100ml'], ARRAY['Azul:003da5'], ARRAY['https://images.unsplash.com/photo-1581683705068-ca8f49fc7f45?w=400']),
('Dove Men+Care Clean Comfort Gel', 'dove-men-clean-comfort', 45000, 32000, 12, 'Gel de baño con MicroMoisture para piel más suave y fuerte.', 'c1000000-0000-0000-0000-000000000008', true, false, 200, ARRAY['250ml', '400ml'], ARRAY['Gris:808080'], ARRAY['https://images.unsplash.com/photo-1581683705068-ca8f49fc7f45?w=400']),
('Axe Gel de Baño Apollo', 'axe-gel-bano-apollo', 39000, 28000, 12, 'Gel de baño con fragancia Apollo. Limpieza y frescura.', 'c1000000-0000-0000-0000-000000000008', true, false, 220, ARRAY['250ml', '400ml'], ARRAY['Negro:1a1a1a'], ARRAY['https://images.unsplash.com/photo-1581683705068-ca8f49fc7f45?w=400']),
('Natura Homem Sagaz Desodorante', 'natura-homem-sagaz-deo', 65000, 48000, 6, 'Desodorante roll-on con fragancia amaderada. 48h protección.', 'c1000000-0000-0000-0000-000000000008', true, false, 140, ARRAY['75ml'], ARRAY['Azul Oscuro:003366'], ARRAY['https://images.unsplash.com/photo-1581683705068-ca8f49fc7f45?w=400']),
('Gillette Gel de Afeitar SkinGuard', 'gillette-skinguard-gel', 55000, 40000, 6, 'Gel de afeitar para piel sensible. Con aloe vera y vitamina E.', 'c1000000-0000-0000-0000-000000000008', true, false, 160, ARRAY['200ml'], ARRAY['Azul:003da5'], ARRAY['https://images.unsplash.com/photo-1581683705068-ca8f49fc7f45?w=400']),
('O Boticário Malbec Club Gel para Barba', 'boticario-malbec-gel-barba', 85000, 62000, 6, 'Gel para barba con extracto de uva Malbec. Hidrata y modela.', 'c1000000-0000-0000-0000-000000000008', true, false, 90, ARRAY['100ml'], ARRAY['Rojo Vino:722f37'], ARRAY['https://images.unsplash.com/photo-1581683705068-ca8f49fc7f45?w=400']),
('American Crew Fiber Styling Cream', 'american-crew-fiber', 125000, 95000, 3, 'Crema de peinado con fibra. Fijación fuerte con acabado mate.', 'c1000000-0000-0000-0000-000000000008', true, false, 70, ARRAY['50g', '85g'], ARRAY['Negro:1a1a1a'], ARRAY['https://images.unsplash.com/photo-1581683705068-ca8f49fc7f45?w=400']),
('Bioderma Sébium H2O Hombre', 'bioderma-sebium-hombre', 115000, 85000, 6, 'Agua micelar para piel mixta a grasa masculina. Limpieza profunda.', 'c1000000-0000-0000-0000-000000000008', true, false, 80, ARRAY['250ml', '500ml'], ARRAY['Verde:3d5c3d'], ARRAY['https://images.unsplash.com/photo-1581683705068-ca8f49fc7f45?w=400']),
('Natura Homem Intenso Shampoo', 'natura-homem-intenso-shampoo', 55000, 40000, 6, 'Shampoo 2en1 para cabello y barba. Limpieza y frescura.', 'c1000000-0000-0000-0000-000000000008', true, false, 160, ARRAY['250ml'], ARRAY['Azul Oscuro:003366'], ARRAY['https://images.unsplash.com/photo-1581683705068-ca8f49fc7f45?w=400']),
('Brickell Men''s Daily Face Wash', 'brickell-daily-face-wash', 155000, 120000, 3, 'Limpiador facial premium con aceite de coco y aloe vera. Natural.', 'c1000000-0000-0000-0000-000000000008', true, false, 55, ARRAY['60ml', '118ml'], ARRAY['Verde:006400'], ARRAY['https://images.unsplash.com/photo-1581683705068-ca8f49fc7f45?w=400']),
('L''Oréal Men Expert Carbon Protect', 'loreal-men-carbon-protect', 42000, 30000, 12, 'Desodorante 4en1 con carbón activado. Anti-transpirante 48h.', 'c1000000-0000-0000-0000-000000000008', true, false, 240, ARRAY['150ml'], ARRAY['Negro:1a1a1a'], ARRAY['https://images.unsplash.com/photo-1581683705068-ca8f49fc7f45?w=400']),
('CeraVe Limpiador Espumoso Hombre', 'cerave-limpiador-hombre', 95000, 72000, 6, 'Gel limpiador facial con ceramidas y niacinamida. Para piel masculina.', 'c1000000-0000-0000-0000-000000000008', true, false, 100, ARRAY['236ml'], ARRAY['Verde:3d5c3d'], ARRAY['https://images.unsplash.com/photo-1581683705068-ca8f49fc7f45?w=400']),
('Bulldog Original Face Moisturiser', 'bulldog-original-moisturiser', 85000, 62000, 6, 'Crema hidratante facial con aloe vera, té verde y camelina.', 'c1000000-0000-0000-0000-000000000008', true, false, 90, ARRAY['100ml'], ARRAY['Verde:90ee90'], ARRAY['https://images.unsplash.com/photo-1581683705068-ca8f49fc7f45?w=400']),
('Jack Black Supreme Cream', 'jack-black-supreme-cream', 175000, 135000, 3, 'Crema de afeitar premium con macadamia y menta. Triple acción.', 'c1000000-0000-0000-0000-000000000008', true, false, 45, ARRAY['88ml', '177ml'], ARRAY['Negro:1a1a1a'], ARRAY['https://images.unsplash.com/photo-1581683705068-ca8f49fc7f45?w=400']),
('Every Man Jack Daily Face Lotion SPF20', 'every-man-jack-face-lotion', 95000, 72000, 6, 'Loción facial diaria con SPF20 y aloe vera. Protección solar y hidratación.', 'c1000000-0000-0000-0000-000000000008', true, false, 85, ARRAY['50ml'], ARRAY['Azul:003da5'], ARRAY['https://images.unsplash.com/photo-1581683705068-ca8f49fc7f45?w=400']);
